{
  "comment" : "This is a sample input file. Unrecognized attributes (like the ones prepended with '_') are ignored.",
  "debug" : false,
  "ensemble" : "grand_canonical",
  "method" : "metropolis",
  "model" : {
    "formation_energy" : "formation_energy"
  },
  "supercell" : [
    [8, 0, 0],
    [0, 8, 0],
    [0, 0, 8]
  ],
  "data" : {
    "sample_by" : "pass",
    "sample_period" : 1,
    "min_pass" : 1000,
    "confidence" : 0.9,
    "measurements" : [ 
      { 
        "quantity" : "formation_energy",
        "precision" : 1e-2
      },
      { 
        "quantity" : "potential_energy"
      },
      { 
        "quantity" : "atom_frac"
      },
      { 
        "quantity" : "site_frac"
      },
      { 
        "quantity" : "comp",
        "precision" : 1e-2
      },
      { 
        "quantity" : "comp_n"
      },
      {
        "quantity" : "all_correlations"
      }
    ],
    "storage" : {
      "write_observations" : false,
      "write_trajectory" : false,
      "output_format" : ["csv", "json"]
    }
  },
  "driver" : {
    "mode" : "incremental",
    "dependent_runs" : false, 
    "motif" : {
      "configname" : "restricted_auto"
    },
    "initial_conditions" : {
      "param_chem_pot" : {
        "a" : -0.15
      },
      "temperature" : 100.0,
      "tolerance" : 0.001
    },
    "final_conditions" : {
      "param_chem_pot" : {
        "a" : 0.15
      },
      "temperature" : 100.0,
      "tolerance" : 0.001
    },
    "incremental_conditions" : {
      "param_chem_pot" : {
        "a" : 0.01
      },
      "temperature" : 0.0,
      "tolerance" : 0.001
    }
  }
}
