{
  "estimator": {
    "method": "LinearRegression"
  }, 
  "feature_selection": {
    "method": "DirectSelection", 
    "kwargs": {
      "use_saved_estimator": false, 
      "population": [
        {
            "indices": [0, 1, 2, 3]
        },
        {
            "indices": [0, 1, 2, 3, 4,5,6,7,8,9,10]
        },
        {
            "indices": [0, 1, 2, 3, 4,5,6,7,8,9,10,11,12,13,14,15,16,17,18,19]
        },
        {
            "indices": [0, 1, 2, 3, 4,5,6,7,8,9,10,11,12,13,14,15,16,17,18,19,20,21,22,23,24,25,26,27,28,29,30,31,32,33,34,35,36,37,38]
        }
      ]
    }
  }, 
  "problem_specs": {
    "data": {
      "y": "formation_energy", 
      "X": "corr", 
      "kwargs": null, 
      "type": "selection", 
      "filename": "train"
    }, 
    "cv": {
      "penalty": 0.0, 
      "method": "KFold", 
      "kwargs": {
        "n_splits": 10, 
        "shuffle": true
      }
    }, 
    "weight": {
      "method": "wHullDist", 
      "kwargs": {
        "A": 0.0, 
        "B": 1.0, 
        "kT": 0.01
      }
    }
  }, 
  "n_halloffame": 25
}
