{
  "estimator": {
    "method": "LinearRegression"
  }, 
  "feature_selection": {
    "method": "GeneticAlgorithm", 
    "kwargs": {
      "constraints_kwargs": {
        "fix_on": [], 
        "n_features_min": 10, 
        "fix_off": [], 
        "n_features_max": "all"
      }, 
      "cxUniformProb": 0.5, 
      "mutFlipBitProb": 0.02, 
      "evolve_params_kwargs": {
        "n_population": 50, 
        "n_generation": 10, 
        "n_repetition": 10, 
        "n_halloffame": 50, 
        "n_features_init": 10
      }, 
      "selTournamentSize": 3
    }
  }, 
  "problem_specs": {
    "data": {
      "y": "formation_energy", 
      "X": "corr", 
      "kwargs": null, 
      "type": "selection", 
      "filename": "train"
    }, 
    "cv": {
      "penalty": 0.000005, 
      "method": "KFold", 
      "kwargs": {
        "n_splits": 10, 
        "shuffle": true
      }
    }, 
    "weight": {
        "method": "wHullDist", 
        "kwargs": {
            "A": 0.0, 
            "B": 1.0, 
            "hull_selection": "CALCULATED", 
            "kT": 0.01
        }
    }
  }, 
  "n_halloffame": 25
}
